,shaohanh,label3,lingjie,gpt4_image,gpt4_text,average
shaohanh,1.0,0.7825,0.7749999999999999,0.6075,0.69,0.71375
label3,0.7825,1.0,0.8074999999999999,0.6799999999999999,0.7,0.7424999999999999
lingjie,0.7749999999999999,0.8074999999999999,1.0,0.6575,0.6699999999999999,0.7274999999999999
gpt4_image,0.6075,0.6799999999999999,0.6575,1.0,0.6175,0.640625
gpt4_text,0.69,0.7,0.6699999999999999,0.6175,1.0,0.6693749999999999
