,Lingjie-70B,shaohanh-70B,Label3-70B,gpt4_text_70B,gpt4_image_70B
Lingjie-70B,1.0,0.7949999999999999,0.815,0.705,0.6499999999999999
shaohanh-70B,0.7949999999999999,1.0,0.79,0.715,0.605
Label3-70B,0.815,0.79,1.0,0.6950000000000001,0.66
gpt4_text_70B,0.705,0.715,0.6950000000000001,1.0,0.5700000000000001
gpt4_image_70B,0.6499999999999999,0.605,0.66,0.5700000000000001,1.0
