,Lingjie,Shaohanh,Label3_8B,gpt4_text,gpt4_image
Lingjie,1.0,0.7549999999999999,0.7999999999999999,0.635,0.665
Shaohanh,0.7549999999999999,1.0,0.7749999999999999,0.6649999999999999,0.6100000000000001
Label3_8B,0.7999999999999999,0.7749999999999999,1.0,0.705,0.7
gpt4_text,0.635,0.6649999999999999,0.705,1.0,0.665
gpt4_image,0.665,0.6100000000000001,0.7,0.665,1.0
