Column,25th Percentile,50th Percentile,75th Percentile,Min,Max
Chosen Length,128.0,304.0,487.0,2,1365
Middle Length,93.0,260.0,451.0,1,1039
Rejected Length,77.0,199.0,385.0,1,1408
Mean Length,115.33333333333333,262.6666666666667,428.6666666666667,1.6666666666666667,1111.3333333333333
